method,dependent,coef,se,p,N,firms
IPW-PanelOLS,eff_apply_rd_10k,0.20325007633221998,0.06357275549898561,0.0013904629376439992,21829,3958
IPW-PanelOLS,eff_grant_rd_10k,0.17959089996946498,0.06253429030000159,0.004085195620372684,21829,3958
IPW-PanelOLS,eff_apply_staff,0.18492460521957782,0.063213625049045,0.003444558739349901,21829,3958
IPW-PanelOLS,ln_invention_apply,-0.017479739232969086,0.034821347413386716,0.615685367928013,21829,3958
IPW-PanelOLS,ln_rd_expense,-0.5442309260993512,0.11189870745554069,1.1624895157602566e-06,21829,3958
