dependent,coef,se,p_value,nobs
ln_invention_apply,-0.019537492201103998,0.02461191686096306,0.42730796178380137,25831
ln_invention_grant,-0.009842229240702152,0.0229267558361207,0.6677166210821932,25831
ln_rd_expense_10k,-0.2828377811792927,0.056762529321405554,6.317108807163407e-07,25831
ln_rd_staff,-0.1941325427767915,0.04429773691078288,1.1793428480677548e-05,25831
eff_invention_apply_rd_10k,0.2653481827918645,0.061553769628415286,1.6339519781860545e-05,25831
eff_invention_grant_rd_10k,0.27655203166735437,0.06104469097949924,5.922546176595489e-06,25831
eff_invention_apply_staff,0.17385484466598106,0.04916871871733733,0.00040730815160761047,25831
eff_invention_grant_staff,0.18437306082839225,0.048618637380674797,0.0001497274262516335,25831
