model,sample,dependent,variable,coef,std_err,p_value,nobs,firms,years,r2_within,engine,raw_p_value,adjusted_p_value_BH,significance_raw,significance_adjusted,theory_score,robustness_score,recommendation
D3_Quartile_DID,,ln_invention_apply,manufacturing_post2021,-0.01140735776088456,0.04362100397962383,0.7937013461145108,25831.0,5262.0,6.0,-0.024996545021452432,PanelOLS,0.7937013461145108,0.9305653205016744,0,0,3,1,not_recommended
D3_Quartile_DID,,ln_invention_apply,mfg_post_Q2,-0.03456482813616273,0.0523047485544763,0.5087252995789087,25831.0,5262.0,6.0,-0.024996545021452432,PanelOLS,0.5087252995789087,0.8620067576198175,0,0,2,1,not_recommended
D3_Quartile_DID,,ln_invention_apply,mfg_post_Q3,-0.01517941018396041,0.05291347802817684,0.7742130060801822,25831.0,5262.0,6.0,-0.024996545021452432,PanelOLS,0.7742130060801822,0.9305653205016744,0,0,2,1,not_recommended
D3_Quartile_DID,,ln_invention_apply,mfg_post_Q4,0.004613978675003693,0.05489869056504483,0.9330212079345448,25831.0,5262.0,6.0,-0.024996545021452432,PanelOLS,0.9330212079345448,0.9936552745056586,0,0,2,1,not_recommended
D3_Quartile_DID,,ln_invention_apply,ln_assets,0.04723700238217765,0.02097454480624498,0.02432576839125833,25831.0,5262.0,6.0,-0.024996545021452432,PanelOLS,0.02432576839125833,,1,0,1,1,control_variable
D3_Quartile_DID,,ln_invention_apply,roa,0.007763214057357173,0.07848920343458224,0.9212122417163244,25831.0,5262.0,6.0,-0.024996545021452432,PanelOLS,0.9212122417163244,,0,0,1,1,control_variable
D3_Quartile_DID,,ln_invention_apply,cashflow_ratio,0.02300721475379485,0.09445630727331693,0.80756226133136,25831.0,5262.0,6.0,-0.024996545021452432,PanelOLS,0.80756226133136,,0,0,1,1,control_variable
D3_Quartile_DID,,ln_invention_apply,firm_age,-0.062432190279998204,0.08190191723358019,0.4459016775296156,25831.0,5262.0,6.0,-0.024996545021452432,PanelOLS,0.4459016775296156,,0,0,1,1,control_variable
