model,sample,dependent,variable,coef,std_err,p_value,nobs,firms,years,r2_within,engine,raw_p_value,adjusted_p_value_BH,significance_raw,significance_adjusted,theory_score,robustness_score,recommendation
D5_eff_invention_apply_rd,,eff_invention_apply_rd,manufacturing_post2021,0.7511173537367861,0.12477892786812086,1.7783066130760972e-09,25831.0,5262.0,6.0,-0.18759284127310827,PanelOLS,1.7783066130760972e-09,3.615890113254731e-08,1,1,2,3,recommend_main_line
D5_eff_invention_grant_rd,,eff_invention_grant_rd,manufacturing_post2021,0.7623257554181965,0.12491615870575065,1.0615870404961925e-09,25831.0,5262.0,6.0,-0.21838603849059135,PanelOLS,1.0615870404961925e-09,3.237840473513387e-08,1,1,2,3,recommend_main_line
D5_eff_invention_apply_staff,,eff_invention_apply_staff,manufacturing_post2021,0.17305920580081688,0.04979202821063355,0.0005106854639032044,25831.0,5262.0,6.0,-0.024313308737750727,PanelOLS,0.0005106854639032044,0.005191968883015911,1,1,2,3,recommend_main_line
D5_eff_invention_grant_staff,,eff_invention_grant_staff,manufacturing_post2021,0.18426760748222748,0.049039228989564906,0.00017205554848453986,25831.0,5262.0,6.0,-0.07789771456497663,PanelOLS,0.00017205554848453986,0.0020990776915113863,1,1,2,3,recommend_main_line
D6_ln_invention_apply_lead2,,ln_invention_apply_lead2,manufacturing_post2021,-0.05434723137977468,0.026101528152772665,0.037341548918681244,25457.0,5238.0,6.0,-0.009155716151953985,PanelOLS,0.037341548918681244,0.2847293105049445,1,0,2,3,recommend_main_line
D11_ln_rd_expense,,ln_rd_expense,manufacturing_post2021,-0.7725527763000054,0.122710057970719,3.1209190787251373e-10,25831.0,5262.0,6.0,-0.23686113166313216,PanelOLS,3.1209190787251373e-10,1.9037606380223338e-08,1,1,3,3,recommend_main_line
D11_rd_intensity,,rd_intensity,manufacturing_post2021,-0.0029375673944635862,0.0012424146696928754,0.018069820614996956,22822.0,4898.0,6.0,-0.24372416552365905,PanelOLS,0.018069820614996956,0.15746557964497349,1,0,3,3,recommend_main_line
D11_ln_rd_staff,,ln_rd_staff,manufacturing_post2021,-0.1933769101639554,0.04448747755545573,1.3881912340529823e-05,25831.0,5262.0,6.0,-0.12571828268060892,PanelOLS,1.3881912340529823e-05,0.0002116991631930798,1,1,3,3,recommend_main_line
